Target,Model,R2,RMSE
Casualties,Random Forest,-0.05904131746664709,3.328530257361998
Casualties,XGBoost,-0.19028696016703872,3.528758157219732
Fatalities,Random Forest,-0.0025122807372757183,1.7244829052657245
Fatalities,XGBoost,-0.14310935472448505,1.8414415246321725
